Workbook

Sheet scenarios
A1: id | B1: lc_2000 | C1: lc_2005 | D1: lc_2010 | E1: lc_2015 | F1: lc_2016 | G1: lc_2017 | H1: lc_2018 | I1: lc_2019 | J1: lc_2020 | K1: lc_2021 | L1: lc_2022 | M1: lc_2023 | N1: lc_2024 | O1: driver | P1: sdpt | Q1: logging_concession
A2: 1 | B2: 3 | C2: 1 | D2: 3 | E2: 3 | F2: 3 | G2: 1 | H2: 1 | I2: 1 | J2: 3 | K2: 3 | L2: 1 | M2: 1 | N2: 1
A3: 2 | B3: 3 | C3: 3 | D3: 3 | E3: 3 | F3: 3 | G3: 2 | H3: 2 | I3: 2 | J3: 3 | K3: 3 | L3: 2 | M3: 2 | N3: 2
A4: 3 | B4: 3 | C4: 1 | D4: 3 | E4: 3 | F4: 3 | G4: 1 | H4: 1 | I4: 1 | J4: 3 | K4: 3 | L4: 1 | M4: 1 | N4: 1 | O4: 4
A5: 4 | B5: 3 | C5: 3 | D5: 3 | E5: 3 | F5: 3 | G5: 2 | H5: 2 | I5: 2 | J5: 3 | K5: 3 | L5: 2 | M5: 2 | N5: 2 | O5: 4
A6: 5 | B6: 1 | C6: 1 | D6: 1 | E6: 3 | F6: 3 | G6: 1 | H6: 1 | I6: 1 | J6: 3 | K6: 3 | L6: 1 | M6: 1 | N6: 1 | P6: 2
A7: 6 | B7: 2 | C7: 2 | D7: 2 | E7: 3 | F7: 3 | G7: 2 | H7: 2 | I7: 2 | J7: 3 | K7: 3 | L7: 2 | M7: 2 | N7: 2 | P7: 2
A8: 7 | B8: 3 | C8: 3 | D8: 3 | E8: 3 | F8: 3 | G8: 1 | H8: 1 | I8: 1 | J8: 1 | K8: 1 | L8: 1 | M8: 1 | N8: 1 | Q8: 1
A9: 8 | B9: 3 | C9: 3 | D9: 3 | E9: 3 | F9: 3 | G9: 2 | H9: 2 | I9: 2 | J9: 3 | K9: 3 | L9: 2 | M9: 2 | N9: 2 | Q9: 1
A10: 9 | B10: 7 | C10: 7 | D10: 7 | E10: 7 | F10: 7 | G10: 7 | H10: 7 | I10: 7 | J10: 7 | K10: 7 | L10: 7 | M10: 7 | N10: 7
A11: 10 | B11: 5 | C11: 5 | D11: 5 | E11: 5 | F11: 5 | G11: 5 | H11: 5 | I11: 5 | J11: 5 | K11: 5 | L11: 5 | M11: 5 | N11: 5
A12: 11 | B12: 10 | C12: 10 | D12: 10 | E12: 10 | F12: 10 | G12: 10 | H12: 10 | I12: 10 | J12: 10 | K12: 10 | L12: 10 | M12: 10 | N12: 10
A13: 12 | B13: 7 | C13: 7 | D13: 7 | E13: 7 | F13: 7 | G13: 7 | H13: 7 | I13: 7 | J13: 7 | K13: 7 | L13: 10 | M13: 10 | N13: 10
A14: 13 | B14: 7 | C14: 7 | D14: 7 | E14: 7 | F14: 7 | G14: 7 | H14: 7 | I14: 7 | J14: 7 | K14: 7 | L14: 10 | M14: 10 | N14: 10 | O14: 3
A15: 14 | B15: 7 | C15: 7 | D15: 7 | E15: 7 | F15: 7 | G15: 10 | H15: 10 | I15: 7 | J15: 7 | K15: 7 | L15: 10 | M15: 10 | N15: 10 | O15: 3
A16: 15 | B16: 10 | C16: 10 | D16: 7 | E16: 7 | F16: 7 | G16: 7 | H16: 10 | I16: 7 | J16: 7 | K16: 7 | L16: 10 | M16: 10 | N16: 10 | O16: 3
A17: 16 | B17: 5 | C17: 5 | D17: 7 | E17: 7 | F17: 7 | G17: 7 | H17: 5 | I17: 7 | J17: 7 | K17: 7 | L17: 5 | M17: 5 | N17: 5 | O17: 3
A18: 17 | B18: 7 | C18: 10 | D18: 7 | E18: 10 | F18: 7 | G18: 7 | H18: 10 | I18: 10 | J18: 10 | K18: 10 | L18: 10 | M18: 10 | N18: 10
A19: 18 | B19: 7 | C19: 7 | D19: 7 | E19: 7 | F19: 7 | G19: 7 | H19: 7 | I19: 7 | J19: 7 | K19: 7 | L19: 7 | M19: 7 | N19: 7 | O19: 3

Sheet scenarios_switch
B1: 2 | C1: 3 | D1: 4 | E1: 5 | F1: 6 | G1: 7 | H1: 8 | I1: 9 | J1: 10 | K1: 11 | L1: 12 | M1: 13 | N1: 14 | O1: 15 | P1: 16 | Q1: 17 | R1: 18 | S1: 19 | T1: 20
A2: id | B2: lc_2000 | C2: lc_2005 | D2: lc_2010 | E2: lc_2015 | F2: lc_2016 | G2: lc_2017 | H2: lc_2018 | I2: lc_2019 | J2: lc_2020 | K2: lc_2021 | L2: lc_2022 | M2: lc_2023 | N2: lc_2024 | O2: driver | P2: sdpt | Q2: logging_concession | T2: Expected result:
A3: 1 | B3: {=_xlfn.SWITCH(VLOOKUP($A3, scenarios!$A$2:$N$19, B$1, 0), 0, "bare", 1, "short veg", 2, "cultivated", 3, "tall veg", 4, "wetland", 5, "short veg", 6, "cultivated", 7, "tall veg", 8, "water", 9, "snow/ice", 10, "cropland", 11, "built up")} -> tall veg | C3: {=_xlfn.SWITCH(VLOOKUP($A3, scenarios!$A$2:$N$19, C$1, 0), 0, "bare", 1, "short veg", 2, "cultivated", 3, "tall veg", 4, "wetland", 5, "short veg", 6, "cultivated", 7, "tall veg", 8, "water", 9, "snow/ice", 10, "cropland", 11, "built up")} -> short veg | D3: {=_xlfn.SWITCH(VLOOKUP($A3, scenarios!$A$2:$N$19, D$1, 0), 0, "bare", 1, "short veg", 2, "cultivated", 3, "tall veg", 4, "wetland", 5, "short veg", 6, "cultivated", 7, "tall veg", 8, "water", 9, "snow/ice", 10, "cropland", 11, "built up")} -> tall veg | E3: {=_xlfn.SWITCH(VLOOKUP($A3, scenarios!$A$2:$N$19, E$1, 0), 0, "bare", 1, "short veg", 2, "cultivated", 3, "tall veg", 4, "wetland", 5, "short veg", 6, "cultivated", 7, "tall veg", 8, "water", 9, "snow/ice", 10, "cropland", 11, "built up")} -> tall veg | F3: {=_xlfn.SWITCH(VLOOKUP($A3, scenarios!$A$2:$N$19, F$1, 0), 0, "bare", 1, "short veg", 2, "cultivated", 3, "tall veg", 4, "wetland", 5, "short veg", 6, "cultivated", 7, "tall veg", 8, "water", 9, "snow/ice", 10, "cropland", 11, "built up")} -> tall veg | G3: {=_xlfn.SWITCH(VLOOKUP($A3, scenarios!$A$2:$N$19, G$1, 0), 0, "bare", 1, "short veg", 2, "cultivated", 3, "tall veg", 4, "wetland", 5, "short veg", 6, "cultivated", 7, "tall veg", 8, "water", 9, "snow/ice", 10, "cropland", 11, "built up")} -> short veg | H3: {=_xlfn.SWITCH(VLOOKUP($A3, scenarios!$A$2:$N$19, H$1, 0), 0, "bare", 1, "short veg", 2, "cultivated", 3, "tall veg", 4, "wetland", 5, "short veg", 6, "cultivated", 7, "tall veg", 8, "water", 9, "snow/ice", 10, "cropland", 11, "built up")} -> short veg | I3: {=_xlfn.SWITCH(VLOOKUP($A3, scenarios!$A$2:$N$19, I$1, 0), 0, "bare", 1, "short veg", 2, "cultivated", 3, "tall veg", 4, "wetland", 5, "short veg", 6, "cultivated", 7, "tall veg", 8, "water", 9, "snow/ice", 10, "cropland", 11, "built up")} -> short veg | ... N3: {=_xlfn.SWITCH(VLOOKUP($A3, scenarios!$A$2:$N$19, N$1, 0), 0, "bare", 1, "short veg", 2, "cultivated", 3, "tall veg", 4, "wetland", 5, "short veg", 6, "cultivated", 7, "tall veg", 8, "water", 9, "snow/ice", 10, "cropland", 11, "built up")} -> short veg | O3: {=IFERROR(_xlfn.SWITCH(VLOOKUP($A3, scenarios!$A$2:$Q$19, O$1, 0), 1, "Permanent agriculture", 2, "Hard commodities", 3, "Shifting cultivation", 4, "Logging", 5, "Wildfire", 6, "Settlements & infrastructure", 7, "Other natural disturbances"), "")} | P3: {=IFERROR(_xlfn.SWITCH(VLOOKUP($A3, scenarios!$A$2:$Q$19, P$1, 0), 1, "oil palm", 2, "wood fiber", 3, "other"), "")} | Q3: {=IFERROR(_xlfn.SWITCH(VLOOKUP($A3, scenarios!$A$2:$Q$19, Q$1, 0), 1, "yes"), "")} | T3: Forest remaining forest (if n_years_unstocked_forest = 5)
A4: 2 | B4: {=_xlfn.SWITCH(VLOOKUP($A4, scenarios!$A$2:$N$19, B$1, 0), 0, "bare", 1, "short veg", 2, "cultivated", 3, "tall veg", 4, "wetland", 5, "short veg", 6, "cultivated", 7, "tall veg", 8, "water", 9, "snow/ice", 10, "cropland", 11, "built up")} -> tall veg | C4: {=_xlfn.SWITCH(VLOOKUP($A4, scenarios!$A$2:$N$19, C$1, 0), 0, "bare", 1, "short veg", 2, "cultivated", 3, "tall veg", 4, "wetland", 5, "short veg", 6, "cultivated", 7, "tall veg", 8, "water", 9, "snow/ice", 10, "cropland", 11, "built up")} -> tall veg | D4: {=_xlfn.SWITCH(VLOOKUP($A4, scenarios!$A$2:$N$19, D$1, 0), 0, "bare", 1, "short veg", 2, "cultivated", 3, "tall veg", 4, "wetland", 5, "short veg", 6, "cultivated", 7, "tall veg", 8, "water", 9, "snow/ice", 10, "cropland", 11, "built up")} -> tall veg | E4: {=_xlfn.SWITCH(VLOOKUP($A4, scenarios!$A$2:$N$19, E$1, 0), 0, "bare", 1, "short veg", 2, "cultivated", 3, "tall veg", 4, "wetland", 5, "short veg", 6, "cultivated", 7, "tall veg", 8, "water", 9, "snow/ice", 10, "cropland", 11, "built up")} -> tall veg | F4: {=_xlfn.SWITCH(VLOOKUP($A4, scenarios!$A$2:$N$19, F$1, 0), 0, "bare", 1, "short veg", 2, "cultivated", 3, "tall veg", 4, "wetland", 5, "short veg", 6, "cultivated", 7, "tall veg", 8, "water", 9, "snow/ice", 10, "cropland", 11, "built up")} -> tall veg | G4: {=_xlfn.SWITCH(VLOOKUP($A4, scenarios!$A$2:$N$19, G$1, 0), 0, "bare", 1, "short veg", 2, "cultivated", 3, "tall veg", 4, "wetland", 5, "short veg", 6, "cultivated", 7, "tall veg", 8, "water", 9, "snow/ice", 10, "cropland", 11, "built up")} -> cultivated | H4: {=_xlfn.SWITCH(VLOOKUP($A4, scenarios!$A$2:$N$19, H$1, 0), 0, "bare", 1, "short veg", 2, "cultivated", 3, "tall veg", 4, "wetland", 5, "short veg", 6, "cultivated", 7, "tall veg", 8, "water", 9, "snow/ice", 10, "cropland", 11, "built up")} -> cultivated | I4: {=_xlfn.SWITCH(VLOOKUP($A4, scenarios!$A$2:$N$19, I$1, 0), 0, "bare", 1, "short veg", 2, "cultivated", 3, "tall veg", 4, "wetland", 5, "short veg", 6, "cultivated", 7, "tall veg", 8, "water", 9, "snow/ice", 10, "cropland", 11, "built up")} -> cultivated | ... N4: {=_xlfn.SWITCH(VLOOKUP($A4, scenarios!$A$2:$N$19, N$1, 0), 0, "bare", 1, "short veg", 2, "cultivated", 3, "tall veg", 4, "wetland", 5, "short veg", 6, "cultivated", 7, "tall veg", 8, "water", 9, "snow/ice", 10, "cropland", 11, "built up")} -> cultivated | O4: {=IFERROR(_xlfn.SWITCH(VLOOKUP($A4, scenarios!$A$2:$Q$19, O$1, 0), 1, "Permanent agriculture", 2, "Hard commodities", 3, "Shifting cultivation", 4, "Logging", 5, "Wildfire", 6, "Settlements & infrastructure", 7, "Other natural disturbances"), "")} | P4: {=IFERROR(_xlfn.SWITCH(VLOOKUP($A4, scenarios!$A$2:$Q$19, P$1, 0), 1, "oil palm", 2, "wood fiber", 3, "other"), "")} | Q4: {=IFERROR(_xlfn.SWITCH(VLOOKUP($A4, scenarios!$A$2:$Q$19, Q$1, 0), 1, "yes"), "")} | T4: Forest to grassland (because it is cultivated grass)
A5: 3 | B5: {=_xlfn.SWITCH(VLOOKUP($A5, scenarios!$A$2:$N$19, B$1, 0), 0, "bare", 1, "short veg", 2, "cultivated", 3, "tall veg", 4, "wetland", 5, "short veg", 6, "cultivated", 7, "tall veg", 8, "water", 9, "snow/ice", 10, "cropland", 11, "built up")} -> tall veg | C5: {=_xlfn.SWITCH(VLOOKUP($A5, scenarios!$A$2:$N$19, C$1, 0), 0, "bare", 1, "short veg", 2, "cultivated", 3, "tall veg", 4, "wetland", 5, "short veg", 6, "cultivated", 7, "tall veg", 8, "water", 9, "snow/ice", 10, "cropland", 11, "built up")} -> short veg | D5: {=_xlfn.SWITCH(VLOOKUP($A5, scenarios!$A$2:$N$19, D$1, 0), 0, "bare", 1, "short veg", 2, "cultivated", 3, "tall veg", 4, "wetland", 5, "short veg", 6, "cultivated", 7, "tall veg", 8, "water", 9, "snow/ice", 10, "cropland", 11, "built up")} -> tall veg | E5: {=_xlfn.SWITCH(VLOOKUP($A5, scenarios!$A$2:$N$19, E$1, 0), 0, "bare", 1, "short veg", 2, "cultivated", 3, "tall veg", 4, "wetland", 5, "short veg", 6, "cultivated", 7, "tall veg", 8, "water", 9, "snow/ice", 10, "cropland", 11, "built up")} -> tall veg | F5: {=_xlfn.SWITCH(VLOOKUP($A5, scenarios!$A$2:$N$19, F$1, 0), 0, "bare", 1, "short veg", 2, "cultivated", 3, "tall veg", 4, "wetland", 5, "short veg", 6, "cultivated", 7, "tall veg", 8, "water", 9, "snow/ice", 10, "cropland", 11, "built up")} -> tall veg | G5: {=_xlfn.SWITCH(VLOOKUP($A5, scenarios!$A$2:$N$19, G$1, 0), 0, "bare", 1, "short veg", 2, "cultivated", 3, "tall veg", 4, "wetland", 5, "short veg", 6, "cultivated", 7, "tall veg", 8, "water", 9, "snow/ice", 10, "cropland", 11, "built up")} -> short veg | H5: {=_xlfn.SWITCH(VLOOKUP($A5, scenarios!$A$2:$N$19, H$1, 0), 0, "bare", 1, "short veg", 2, "cultivated", 3, "tall veg", 4, "wetland", 5, "short veg", 6, "cultivated", 7, "tall veg", 8, "water", 9, "snow/ice", 10, "cropland", 11, "built up")} -> short veg | I5: {=_xlfn.SWITCH(VLOOKUP($A5, scenarios!$A$2:$N$19, I$1, 0), 0, "bare", 1, "short veg", 2, "cultivated", 3, "tall veg", 4, "wetland", 5, "short veg", 6, "cultivated", 7, "tall veg", 8, "water", 9, "snow/ice", 10, "cropland", 11, "built up")} -> short veg | ... N5: {=_xlfn.SWITCH(VLOOKUP($A5, scenarios!$A$2:$N$19, N$1, 0), 0, "bare", 1, "short veg", 2, "cultivated", 3, "tall veg", 4, "wetland", 5, "short veg", 6, "cultivated", 7, "tall veg", 8, "water", 9, "snow/ice", 10, "cropland", 11, "built up")} -> short veg | O5: {=IFERROR(_xlfn.SWITCH(VLOOKUP($A5, scenarios!$A$2:$Q$19, O$1, 0), 1, "Permanent agriculture", 2, "Hard commodities", 3, "Shifting cultivation", 4, "Logging", 5, "Wildfire", 6, "Settlements & infrastructure", 7, "Other natural disturbances"), "")} -> Logging | P5: {=IFERROR(_xlfn.SWITCH(VLOOKUP($A5, scenarios!$A$2:$Q$19, P$1, 0), 1, "oil palm", 2, "wood fiber", 3, "other"), "")} | Q5: {=IFERROR(_xlfn.SWITCH(VLOOKUP($A5, scenarios!$A$2:$Q$19, Q$1, 0), 1, "yes"), "")} | T5: Forest remaining forest (if n_years_unstocked_forest = 5)
A6: 4 | B6: {=_xlfn.SWITCH(VLOOKUP($A6, scenarios!$A$2:$N$19, B$1, 0), 0, "bare", 1, "short veg", 2, "cultivated", 3, "tall veg", 4, "wetland", 5, "short veg", 6, "cultivated", 7, "tall veg", 8, "water", 9, "snow/ice", 10, "cropland", 11, "built up")} -> tall veg | C6: {=_xlfn.SWITCH(VLOOKUP($A6, scenarios!$A$2:$N$19, C$1, 0), 0, "bare", 1, "short veg", 2, "cultivated", 3, "tall veg", 4, "wetland", 5, "short veg", 6, "cultivated", 7, "tall veg", 8, "water", 9, "snow/ice", 10, "cropland", 11, "built up")} -> tall veg | D6: {=_xlfn.SWITCH(VLOOKUP($A6, scenarios!$A$2:$N$19, D$1, 0), 0, "bare", 1, "short veg", 2, "cultivated", 3, "tall veg", 4, "wetland", 5, "short veg", 6, "cultivated", 7, "tall veg", 8, "water", 9, "snow/ice", 10, "cropland", 11, "built up")} -> tall veg | E6: {=_xlfn.SWITCH(VLOOKUP($A6, scenarios!$A$2:$N$19, E$1, 0), 0, "bare", 1, "short veg", 2, "cultivated", 3, "tall veg", 4, "wetland", 5, "short veg", 6, "cultivated", 7, "tall veg", 8, "water", 9, "snow/ice", 10, "cropland", 11, "built up")} -> tall veg | F6: {=_xlfn.SWITCH(VLOOKUP($A6, scenarios!$A$2:$N$19, F$1, 0), 0, "bare", 1, "short veg", 2, "cultivated", 3, "tall veg", 4, "wetland", 5, "short veg", 6, "cultivated", 7, "tall veg", 8, "water", 9, "snow/ice", 10, "cropland", 11, "built up")} -> tall veg | G6: {=_xlfn.SWITCH(VLOOKUP($A6, scenarios!$A$2:$N$19, G$1, 0), 0, "bare", 1, "short veg", 2, "cultivated", 3, "tall veg", 4, "wetland", 5, "short veg", 6, "cultivated", 7, "tall veg", 8, "water", 9, "snow/ice", 10, "cropland", 11, "built up")} -> cultivated | H6: {=_xlfn.SWITCH(VLOOKUP($A6, scenarios!$A$2:$N$19, H$1, 0), 0, "bare", 1, "short veg", 2, "cultivated", 3, "tall veg", 4, "wetland", 5, "short veg", 6, "cultivated", 7, "tall veg", 8, "water", 9, "snow/ice", 10, "cropland", 11, "built up")} -> cultivated | I6: {=_xlfn.SWITCH(VLOOKUP($A6, scenarios!$A$2:$N$19, I$1, 0), 0, "bare", 1, "short veg", 2, "cultivated", 3, "tall veg", 4, "wetland", 5, "short veg", 6, "cultivated", 7, "tall veg", 8, "water", 9, "snow/ice", 10, "cropland", 11, "built up")} -> cultivated | ... N6: {=_xlfn.SWITCH(VLOOKUP($A6, scenarios!$A$2:$N$19, N$1, 0), 0, "bare", 1, "short veg", 2, "cultivated", 3, "tall veg", 4, "wetland", 5, "short veg", 6, "cultivated", 7, "tall veg", 8, "water", 9, "snow/ice", 10, "cropland", 11, "built up")} -> cultivated | O6: {=IFERROR(_xlfn.SWITCH(VLOOKUP($A6, scenarios!$A$2:$Q$19, O$1, 0), 1, "Permanent agriculture", 2, "Hard commodities", 3, "Shifting cultivation", 4, "Logging", 5, "Wildfire", 6, "Settlements & infrastructure", 7, "Other natural disturbances"), "")} -> Logging | P6: {=IFERROR(_xlfn.SWITCH(VLOOKUP($A6, scenarios!$A$2:$Q$19, P$1, 0), 1, "oil palm", 2, "wood fiber", 3, "other"), "")} | Q6: {=IFERROR(_xlfn.SWITCH(VLOOKUP($A6, scenarios!$A$2:$Q$19, Q$1, 0), 1, "yes"), "")} | T6: Forest to grassland in interior interval, but not at the end because Logging driver
A7: 5 | B7: {=_xlfn.SWITCH(VLOOKUP($A7, scenarios!$A$2:$N$19, B$1, 0), 0, "bare", 1, "short veg", 2, "cultivated", 3, "tall veg", 4, "wetland", 5, "short veg", 6, "cultivated", 7, "tall veg", 8, "water", 9, "snow/ice", 10, "cropland", 11, "built up")} -> short veg | C7: {=_xlfn.SWITCH(VLOOKUP($A7, scenarios!$A$2:$N$19, C$1, 0), 0, "bare", 1, "short veg", 2, "cultivated", 3, "tall veg", 4, "wetland", 5, "short veg", 6, "cultivated", 7, "tall veg", 8, "water", 9, "snow/ice", 10, "cropland", 11, "built up")} -> short veg | D7: {=_xlfn.SWITCH(VLOOKUP($A7, scenarios!$A$2:$N$19, D$1, 0), 0, "bare", 1, "short veg", 2, "cultivated", 3, "tall veg", 4, "wetland", 5, "short veg", 6, "cultivated", 7, "tall veg", 8, "water", 9, "snow/ice", 10, "cropland", 11, "built up")} -> short veg | E7: {=_xlfn.SWITCH(VLOOKUP($A7, scenarios!$A$2:$N$19, E$1, 0), 0, "bare", 1, "short veg", 2, "cultivated", 3, "tall veg", 4, "wetland", 5, "short veg", 6, "cultivated", 7, "tall veg", 8, "water", 9, "snow/ice", 10, "cropland", 11, "built up")} -> tall veg | F7: {=_xlfn.SWITCH(VLOOKUP($A7, scenarios!$A$2:$N$19, F$1, 0), 0, "bare", 1, "short veg", 2, "cultivated", 3, "tall veg", 4, "wetland", 5, "short veg", 6, "cultivated", 7, "tall veg", 8, "water", 9, "snow/ice", 10, "cropland", 11, "built up")} -> tall veg | G7: {=_xlfn.SWITCH(VLOOKUP($A7, scenarios!$A$2:$N$19, G$1, 0), 0, "bare", 1, "short veg", 2, "cultivated", 3, "tall veg", 4, "wetland", 5, "short veg", 6, "cultivated", 7, "tall veg", 8, "water", 9, "snow/ice", 10, "cropland", 11, "built up")} -> short veg | H7: {=_xlfn.SWITCH(VLOOKUP($A7, scenarios!$A$2:$N$19, H$1, 0), 0, "bare", 1, "short veg", 2, "cultivated", 3, "tall veg", 4, "wetland", 5, "short veg", 6, "cultivated", 7, "tall veg", 8, "water", 9, "snow/ice", 10, "cropland", 11, "built up")} -> short veg | I7: {=_xlfn.SWITCH(VLOOKUP($A7, scenarios!$A$2:$N$19, I$1, 0), 0, "bare", 1, "short veg", 2, "cultivated", 3, "tall veg", 4, "wetland", 5, "short veg", 6, "cultivated", 7, "tall veg", 8, "water", 9, "snow/ice", 10, "cropland", 11, "built up")} -> short veg | ... N7: {=_xlfn.SWITCH(VLOOKUP($A7, scenarios!$A$2:$N$19, N$1, 0), 0, "bare", 1, "short veg", 2, "cultivated", 3, "tall veg", 4, "wetland", 5, "short veg", 6, "cultivated", 7, "tall veg", 8, "water", 9, "snow/ice", 10, "cropland", 11, "built up")} -> short veg | O7: {=IFERROR(_xlfn.SWITCH(VLOOKUP($A7, scenarios!$A$2:$Q$19, O$1, 0), 1, "Permanent agriculture", 2, "Hard commodities", 3, "Shifting cultivation", 4, "Logging", 5, "Wildfire", 6, "Settlements & infrastructure", 7, "Other natural disturbances"), "")} | P7: {=IFERROR(_xlfn.SWITCH(VLOOKUP($A7, scenarios!$A$2:$Q$19, P$1, 0), 1, "oil palm", 2, "wood fiber", 3, "other"), "")} -> wood fiber | Q7: {=IFERROR(_xlfn.SWITCH(VLOOKUP($A7, scenarios!$A$2:$Q$19, Q$1, 0), 1, "yes"), "")} | T7: After tall vegetation is established, short veg is considered forest since SDPT
A8: 6 | B8: {=_xlfn.SWITCH(VLOOKUP($A8, scenarios!$A$2:$N$19, B$1, 0), 0, "bare", 1, "short veg", 2, "cultivated", 3, "tall veg", 4, "wetland", 5, "short veg", 6, "cultivated", 7, "tall veg", 8, "water", 9, "snow/ice", 10, "cropland", 11, "built up")} -> cultivated | C8: {=_xlfn.SWITCH(VLOOKUP($A8, scenarios!$A$2:$N$19, C$1, 0), 0, "bare", 1, "short veg", 2, "cultivated", 3, "tall veg", 4, "wetland", 5, "short veg", 6, "cultivated", 7, "tall veg", 8, "water", 9, "snow/ice", 10, "cropland", 11, "built up")} -> cultivated | D8: {=_xlfn.SWITCH(VLOOKUP($A8, scenarios!$A$2:$N$19, D$1, 0), 0, "bare", 1, "short veg", 2, "cultivated", 3, "tall veg", 4, "wetland", 5, "short veg", 6, "cultivated", 7, "tall veg", 8, "water", 9, "snow/ice", 10, "cropland", 11, "built up")} -> cultivated | E8: {=_xlfn.SWITCH(VLOOKUP($A8, scenarios!$A$2:$N$19, E$1, 0), 0, "bare", 1, "short veg", 2, "cultivated", 3, "tall veg", 4, "wetland", 5, "short veg", 6, "cultivated", 7, "tall veg", 8, "water", 9, "snow/ice", 10, "cropland", 11, "built up")} -> tall veg | F8: {=_xlfn.SWITCH(VLOOKUP($A8, scenarios!$A$2:$N$19, F$1, 0), 0, "bare", 1, "short veg", 2, "cultivated", 3, "tall veg", 4, "wetland", 5, "short veg", 6, "cultivated", 7, "tall veg", 8, "water", 9, "snow/ice", 10, "cropland", 11, "built up")} -> tall veg | G8: {=_xlfn.SWITCH(VLOOKUP($A8, scenarios!$A$2:$N$19, G$1, 0), 0, "bare", 1, "short veg", 2, "cultivated", 3, "tall veg", 4, "wetland", 5, "short veg", 6, "cultivated", 7, "tall veg", 8, "water", 9, "snow/ice", 10, "cropland", 11, "built up")} -> cultivated | H8: {=_xlfn.SWITCH(VLOOKUP($A8, scenarios!$A$2:$N$19, H$1, 0), 0, "bare", 1, "short veg", 2, "cultivated", 3, "tall veg", 4, "wetland", 5, "short veg", 6, "cultivated", 7, "tall veg", 8, "water", 9, "snow/ice", 10, "cropland", 11, "built up")} -> cultivated | I8: {=_xlfn.SWITCH(VLOOKUP($A8, scenarios!$A$2:$N$19, I$1, 0), 0, "bare", 1, "short veg", 2, "cultivated", 3, "tall veg", 4, "wetland", 5, "short veg", 6, "cultivated", 7, "tall veg", 8, "water", 9, "snow/ice", 10, "cropland", 11, "built up")} -> cultivated | ... N8: {=_xlfn.SWITCH(VLOOKUP($A8, scenarios!$A$2:$N$19, N$1, 0), 0, "bare", 1, "short veg", 2, "cultivated", 3, "tall veg", 4, "wetland", 5, "short veg", 6, "cultivated", 7, "tall veg", 8, "water", 9, "snow/ice", 10, "cropland", 11, "built up")} -> cultivated | O8: {=IFERROR(_xlfn.SWITCH(VLOOKUP($A8, scenarios!$A$2:$Q$19, O$1, 0), 1, "Permanent agriculture", 2, "Hard commodities", 3, "Shifting cultivation", 4, "Logging", 5, "Wildfire", 6, "Settlements & infrastructure", 7, "Other natural disturbances"), "")} | P8: {=IFERROR(_xlfn.SWITCH(VLOOKUP($A8, scenarios!$A$2:$Q$19, P$1, 0), 1, "oil palm", 2, "wood fiber", 3, "other"), "")} -> wood fiber | Q8: {=IFERROR(_xlfn.SWITCH(VLOOKUP($A8, scenarios!$A$2:$Q$19, Q$1, 0), 1, "yes"), "")} | T8: After tall vegetation is established, cultivated grassland is considered forest since SDPT
A9: 7 | B9: {=_xlfn.SWITCH(VLOOKUP($A9, scenarios!$A$2:$N$19, B$1, 0), 0, "bare", 1, "short veg", 2, "cultivated", 3, "tall veg", 4, "wetland", 5, "short veg", 6, "cultivated", 7, "tall veg", 8, "water", 9, "snow/ice", 10, "cropland", 11, "built up")} -> tall veg | C9: {=_xlfn.SWITCH(VLOOKUP($A9, scenarios!$A$2:$N$19, C$1, 0), 0, "bare", 1, "short veg", 2, "cultivated", 3, "tall veg", 4, "wetland", 5, "short veg", 6, "cultivated", 7, "tall veg", 8, "water", 9, "snow/ice", 10, "cropland", 11, "built up")} -> tall veg | D9: {=_xlfn.SWITCH(VLOOKUP($A9, scenarios!$A$2:$N$19, D$1, 0), 0, "bare", 1, "short veg", 2, "cultivated", 3, "tall veg", 4, "wetland", 5, "short veg", 6, "cultivated", 7, "tall veg", 8, "water", 9, "snow/ice", 10, "cropland", 11, "built up")} -> tall veg | E9: {=_xlfn.SWITCH(VLOOKUP($A9, scenarios!$A$2:$N$19, E$1, 0), 0, "bare", 1, "short veg", 2, "cultivated", 3, "tall veg", 4, "wetland", 5, "short veg", 6, "cultivated", 7, "tall veg", 8, "water", 9, "snow/ice", 10, "cropland", 11, "built up")} -> tall veg | F9: {=_xlfn.SWITCH(VLOOKUP($A9, scenarios!$A$2:$N$19, F$1, 0), 0, "bare", 1, "short veg", 2, "cultivated", 3, "tall veg", 4, "wetland", 5, "short veg", 6, "cultivated", 7, "tall veg", 8, "water", 9, "snow/ice", 10, "cropland", 11, "built up")} -> tall veg | G9: {=_xlfn.SWITCH(VLOOKUP($A9, scenarios!$A$2:$N$19, G$1, 0), 0, "bare", 1, "short veg", 2, "cultivated", 3, "tall veg", 4, "wetland", 5, "short veg", 6, "cultivated", 7, "tall veg", 8, "water", 9, "snow/ice", 10, "cropland", 11, "built up")} -> short veg | H9: {=_xlfn.SWITCH(VLOOKUP($A9, scenarios!$A$2:$N$19, H$1, 0), 0, "bare", 1, "short veg", 2, "cultivated", 3, "tall veg", 4, "wetland", 5, "short veg", 6, "cultivated", 7, "tall veg", 8, "water", 9, "snow/ice", 10, "cropland", 11, "built up")} -> short veg | I9: {=_xlfn.SWITCH(VLOOKUP($A9, scenarios!$A$2:$N$19, I$1, 0), 0, "bare", 1, "short veg", 2, "cultivated", 3, "tall veg", 4, "wetland", 5, "short veg", 6, "cultivated", 7, "tall veg", 8, "water", 9, "snow/ice", 10, "cropland", 11, "built up")} -> short veg | ... N9: {=_xlfn.SWITCH(VLOOKUP($A9, scenarios!$A$2:$N$19, N$1, 0), 0, "bare", 1, "short veg", 2, "cultivated", 3, "tall veg", 4, "wetland", 5, "short veg", 6, "cultivated", 7, "tall veg", 8, "water", 9, "snow/ice", 10, "cropland", 11, "built up")} -> short veg | O9: {=IFERROR(_xlfn.SWITCH(VLOOKUP($A9, scenarios!$A$2:$Q$19, O$1, 0), 1, "Permanent agriculture", 2, "Hard commodities", 3, "Shifting cultivation", 4, "Logging", 5, "Wildfire", 6, "Settlements & infrastructure", 7, "Other natural disturbances"), "")} | P9: {=IFERROR(_xlfn.SWITCH(VLOOKUP($A9, scenarios!$A$2:$Q$19, P$1, 0), 1, "oil palm", 2, "wood fiber", 3, "other"), "")} | Q9: {=IFERROR(_xlfn.SWITCH(VLOOKUP($A9, scenarios!$A$2:$Q$19, Q$1, 0), 1, "yes"), "")} -> yes | T9: Forest the entire time series because logging concession
A10: 8 | B10: {=_xlfn.SWITCH(VLOOKUP($A10, scenarios!$A$2:$N$19, B$1, 0), 0, "bare", 1, "short veg", 2, "cultivated", 3, "tall veg", 4, "wetland", 5, "short veg", 6, "cultivated", 7, "tall veg", 8, "water", 9, "snow/ice", 10, "cropland", 11, "built up")} -> tall veg | C10: {=_xlfn.SWITCH(VLOOKUP($A10, scenarios!$A$2:$N$19, C$1, 0), 0, "bare", 1, "short veg", 2, "cultivated", 3, "tall veg", 4, "wetland", 5, "short veg", 6, "cultivated", 7, "tall veg", 8, "water", 9, "snow/ice", 10, "cropland", 11, "built up")} -> tall veg | D10: {=_xlfn.SWITCH(VLOOKUP($A10, scenarios!$A$2:$N$19, D$1, 0), 0, "bare", 1, "short veg", 2, "cultivated", 3, "tall veg", 4, "wetland", 5, "short veg", 6, "cultivated", 7, "tall veg", 8, "water", 9, "snow/ice", 10, "cropland", 11, "built up")} -> tall veg | E10: {=_xlfn.SWITCH(VLOOKUP($A10, scenarios!$A$2:$N$19, E$1, 0), 0, "bare", 1, "short veg", 2, "cultivated", 3, "tall veg", 4, "wetland", 5, "short veg", 6, "cultivated", 7, "tall veg", 8, "water", 9, "snow/ice", 10, "cropland", 11, "built up")} -> tall veg | F10: {=_xlfn.SWITCH(VLOOKUP($A10, scenarios!$A$2:$N$19, F$1, 0), 0, "bare", 1, "short veg", 2, "cultivated", 3, "tall veg", 4, "wetland", 5, "short veg", 6, "cultivated", 7, "tall veg", 8, "water", 9, "snow/ice", 10, "cropland", 11, "built up")} -> tall veg | G10: {=_xlfn.SWITCH(VLOOKUP($A10, scenarios!$A$2:$N$19, G$1, 0), 0, "bare", 1, "short veg", 2, "cultivated", 3, "tall veg", 4, "wetland", 5, "short veg", 6, "cultivated", 7, "tall veg", 8, "water", 9, "snow/ice", 10, "cropland", 11, "built up")} -> cultivated | H10: {=_xlfn.SWITCH(VLOOKUP($A10, scenarios!$A$2:$N$19, H$1, 0), 0, "bare", 1, "short veg", 2, "cultivated", 3, "tall veg", 4, "wetland", 5, "short veg", 6, "cultivated", 7, "tall veg", 8, "water", 9, "snow/ice", 10, "cropland", 11, "built up")} -> cultivated | I10: {=_xlfn.SWITCH(VLOOKUP($A10, scenarios!$A$2:$N$19, I$1, 0), 0, "bare", 1, "short veg", 2, "cultivated", 3, "tall veg", 4, "wetland", 5, "short veg", 6, "cultivated", 7, "tall veg", 8, "water", 9, "snow/ice", 10, "cropland", 11, "built up")} -> cultivated | ... N10: {=_xlfn.SWITCH(VLOOKUP($A10, scenarios!$A$2:$N$19, N$1, 0), 0, "bare", 1, "short veg", 2, "cultivated", 3, "tall veg", 4, "wetland", 5, "short veg", 6, "cultivated", 7, "tall veg", 8, "water", 9, "snow/ice", 10, "cropland", 11, "built up")} -> cultivated | O10: {=IFERROR(_xlfn.SWITCH(VLOOKUP($A10, scenarios!$A$2:$Q$19, O$1, 0), 1, "Permanent agriculture", 2, "Hard commodities", 3, "Shifting cultivation", 4, "Logging", 5, "Wildfire", 6, "Settlements & infrastructure", 7, "Other natural disturbances"), "")} | P10: {=IFERROR(_xlfn.SWITCH(VLOOKUP($A10, scenarios!$A$2:$Q$19, P$1, 0), 1, "oil palm", 2, "wood fiber", 3, "other"), "")} | Q10: {=IFERROR(_xlfn.SWITCH(VLOOKUP($A10, scenarios!$A$2:$Q$19, Q$1, 0), 1, "yes"), "")} -> yes | T10: Forest the entire time series because logging concession
A11: 9 | B11: {=_xlfn.SWITCH(VLOOKUP($A11, scenarios!$A$2:$N$19, B$1, 0), 0, "bare", 1, "short veg", 2, "cultivated", 3, "tall veg", 4, "wetland", 5, "short veg", 6, "cultivated", 7, "tall veg", 8, "water", 9, "snow/ice", 10, "cropland", 11, "built up")} -> tall veg | C11: {=_xlfn.SWITCH(VLOOKUP($A11, scenarios!$A$2:$N$19, C$1, 0), 0, "bare", 1, "short veg", 2, "cultivated", 3, "tall veg", 4, "wetland", 5, "short veg", 6, "cultivated", 7, "tall veg", 8, "water", 9, "snow/ice", 10, "cropland", 11, "built up")} -> tall veg | D11: {=_xlfn.SWITCH(VLOOKUP($A11, scenarios!$A$2:$N$19, D$1, 0), 0, "bare", 1, "short veg", 2, "cultivated", 3, "tall veg", 4, "wetland", 5, "short veg", 6, "cultivated", 7, "tall veg", 8, "water", 9, "snow/ice", 10, "cropland", 11, "built up")} -> tall veg | E11: {=_xlfn.SWITCH(VLOOKUP($A11, scenarios!$A$2:$N$19, E$1, 0), 0, "bare", 1, "short veg", 2, "cultivated", 3, "tall veg", 4, "wetland", 5, "short veg", 6, "cultivated", 7, "tall veg", 8, "water", 9, "snow/ice", 10, "cropland", 11, "built up")} -> tall veg | F11: {=_xlfn.SWITCH(VLOOKUP($A11, scenarios!$A$2:$N$19, F$1, 0), 0, "bare", 1, "short veg", 2, "cultivated", 3, "tall veg", 4, "wetland", 5, "short veg", 6, "cultivated", 7, "tall veg", 8, "water", 9, "snow/ice", 10, "cropland", 11, "built up")} -> tall veg | G11: {=_xlfn.SWITCH(VLOOKUP($A11, scenarios!$A$2:$N$19, G$1, 0), 0, "bare", 1, "short veg", 2, "cultivated", 3, "tall veg", 4, "wetland", 5, "short veg", 6, "cultivated", 7, "tall veg", 8, "water", 9, "snow/ice", 10, "cropland", 11, "built up")} -> tall veg | H11: {=_xlfn.SWITCH(VLOOKUP($A11, scenarios!$A$2:$N$19, H$1, 0), 0, "bare", 1, "short veg", 2, "cultivated", 3, "tall veg", 4, "wetland", 5, "short veg", 6, "cultivated", 7, "tall veg", 8, "water", 9, "snow/ice", 10, "cropland", 11, "built up")} -> tall veg | I11: {=_xlfn.SWITCH(VLOOKUP($A11, scenarios!$A$2:$N$19, I$1, 0), 0, "bare", 1, "short veg", 2, "cultivated", 3, "tall veg", 4, "wetland", 5, "short veg", 6, "cultivated", 7, "tall veg", 8, "water", 9, "snow/ice", 10, "cropland", 11, "built up")} -> tall veg | ... N11: {=_xlfn.SWITCH(VLOOKUP($A11, scenarios!$A$2:$N$19, N$1, 0), 0, "bare", 1, "short veg", 2, "cultivated", 3, "tall veg", 4, "wetland", 5, "short veg", 6, "cultivated", 7, "tall veg", 8, "water", 9, "snow/ice", 10, "cropland", 11, "built up")} -> tall veg | O11: {=IFERROR(_xlfn.SWITCH(VLOOKUP($A11, scenarios!$A$2:$Q$19, O$1, 0), 1, "Permanent agriculture", 2, "Hard commodities", 3, "Shifting cultivation", 4, "Logging", 5, "Wildfire", 6, "Settlements & infrastructure", 7, "Other natural disturbances"), "")} | P11: {=IFERROR(_xlfn.SWITCH(VLOOKUP($A11, scenarios!$A$2:$Q$19, P$1, 0), 1, "oil palm", 2, "wood fiber", 3, "other"), "")} | Q11: {=IFERROR(_xlfn.SWITCH(VLOOKUP($A11, scenarios!$A$2:$Q$19, Q$1, 0), 1, "yes"), "")} | T11: Forest remaining forest
A12: 10 | B12: {=_xlfn.SWITCH(VLOOKUP($A12, scenarios!$A$2:$N$19, B$1, 0), 0, "bare", 1, "short veg", 2, "cultivated", 3, "tall veg", 4, "wetland", 5, "short veg", 6, "cultivated", 7, "tall veg", 8, "water", 9, "snow/ice", 10, "cropland", 11, "built up")} -> short veg | C12: {=_xlfn.SWITCH(VLOOKUP($A12, scenarios!$A$2:$N$19, C$1, 0), 0, "bare", 1, "short veg", 2, "cultivated", 3, "tall veg", 4, "wetland", 5, "short veg", 6, "cultivated", 7, "tall veg", 8, "water", 9, "snow/ice", 10, "cropland", 11, "built up")} -> short veg | D12: {=_xlfn.SWITCH(VLOOKUP($A12, scenarios!$A$2:$N$19, D$1, 0), 0, "bare", 1, "short veg", 2, "cultivated", 3, "tall veg", 4, "wetland", 5, "short veg", 6, "cultivated", 7, "tall veg", 8, "water", 9, "snow/ice", 10, "cropland", 11, "built up")} -> short veg | E12: {=_xlfn.SWITCH(VLOOKUP($A12, scenarios!$A$2:$N$19, E$1, 0), 0, "bare", 1, "short veg", 2, "cultivated", 3, "tall veg", 4, "wetland", 5, "short veg", 6, "cultivated", 7, "tall veg", 8, "water", 9, "snow/ice", 10, "cropland", 11, "built up")} -> short veg | F12: {=_xlfn.SWITCH(VLOOKUP($A12, scenarios!$A$2:$N$19, F$1, 0), 0, "bare", 1, "short veg", 2, "cultivated", 3, "tall veg", 4, "wetland", 5, "short veg", 6, "cultivated", 7, "tall veg", 8, "water", 9, "snow/ice", 10, "cropland", 11, "built up")} -> short veg | G12: {=_xlfn.SWITCH(VLOOKUP($A12, scenarios!$A$2:$N$19, G$1, 0), 0, "bare", 1, "short veg", 2, "cultivated", 3, "tall veg", 4, "wetland", 5, "short veg", 6, "cultivated", 7, "tall veg", 8, "water", 9, "snow/ice", 10, "cropland", 11, "built up")} -> short veg | H12: {=_xlfn.SWITCH(VLOOKUP($A12, scenarios!$A$2:$N$19, H$1, 0), 0, "bare", 1, "short veg", 2, "cultivated", 3, "tall veg", 4, "wetland", 5, "short veg", 6, "cultivated", 7, "tall veg", 8, "water", 9, "snow/ice", 10, "cropland", 11, "built up")} -> short veg | I12: {=_xlfn.SWITCH(VLOOKUP($A12, scenarios!$A$2:$N$19, I$1, 0), 0, "bare", 1, "short veg", 2, "cultivated", 3, "tall veg", 4, "wetland", 5, "short veg", 6, "cultivated", 7, "tall veg", 8, "water", 9, "snow/ice", 10, "cropland", 11, "built up")} -> short veg | ... N12: {=_xlfn.SWITCH(VLOOKUP($A12, scenarios!$A$2:$N$19, N$1, 0), 0, "bare", 1, "short veg", 2, "cultivated", 3, "tall veg", 4, "wetland", 5, "short veg", 6, "cultivated", 7, "tall veg", 8, "water", 9, "snow/ice", 10, "cropland", 11, "built up")} -> short veg | O12: {=IFERROR(_xlfn.SWITCH(VLOOKUP($A12, scenarios!$A$2:$Q$19, O$1, 0), 1, "Permanent agriculture", 2, "Hard commodities", 3, "Shifting cultivation", 4, "Logging", 5, "Wildfire", 6, "Settlements & infrastructure", 7, "Other natural disturbances"), "")} | P12: {=IFERROR(_xlfn.SWITCH(VLOOKUP($A12, scenarios!$A$2:$Q$19, P$1, 0), 1, "oil palm", 2, "wood fiber", 3, "other"), "")} | Q12: {=IFERROR(_xlfn.SWITCH(VLOOKUP($A12, scenarios!$A$2:$Q$19, Q$1, 0), 1, "yes"), "")} | T12: Grassland remaining grassland
A13: 11 | B13: {=_xlfn.SWITCH(VLOOKUP($A13, scenarios!$A$2:$N$19, B$1, 0), 0, "bare", 1, "short veg", 2, "cultivated", 3, "tall veg", 4, "wetland", 5, "short veg", 6, "cultivated", 7, "tall veg", 8, "water", 9, "snow/ice", 10, "cropland", 11, "built up")} -> cropland | C13: {=_xlfn.SWITCH(VLOOKUP($A13, scenarios!$A$2:$N$19, C$1, 0), 0, "bare", 1, "short veg", 2, "cultivated", 3, "tall veg", 4, "wetland", 5, "short veg", 6, "cultivated", 7, "tall veg", 8, "water", 9, "snow/ice", 10, "cropland", 11, "built up")} -> cropland | D13: {=_xlfn.SWITCH(VLOOKUP($A13, scenarios!$A$2:$N$19, D$1, 0), 0, "bare", 1, "short veg", 2, "cultivated", 3, "tall veg", 4, "wetland", 5, "short veg", 6, "cultivated", 7, "tall veg", 8, "water", 9, "snow/ice", 10, "cropland", 11, "built up")} -> cropland | E13: {=_xlfn.SWITCH(VLOOKUP($A13, scenarios!$A$2:$N$19, E$1, 0), 0, "bare", 1, "short veg", 2, "cultivated", 3, "tall veg", 4, "wetland", 5, "short veg", 6, "cultivated", 7, "tall veg", 8, "water", 9, "snow/ice", 10, "cropland", 11, "built up")} -> cropland | F13: {=_xlfn.SWITCH(VLOOKUP($A13, scenarios!$A$2:$N$19, F$1, 0), 0, "bare", 1, "short veg", 2, "cultivated", 3, "tall veg", 4, "wetland", 5, "short veg", 6, "cultivated", 7, "tall veg", 8, "water", 9, "snow/ice", 10, "cropland", 11, "built up")} -> cropland | G13: {=_xlfn.SWITCH(VLOOKUP($A13, scenarios!$A$2:$N$19, G$1, 0), 0, "bare", 1, "short veg", 2, "cultivated", 3, "tall veg", 4, "wetland", 5, "short veg", 6, "cultivated", 7, "tall veg", 8, "water", 9, "snow/ice", 10, "cropland", 11, "built up")} -> cropland | H13: {=_xlfn.SWITCH(VLOOKUP($A13, scenarios!$A$2:$N$19, H$1, 0), 0, "bare", 1, "short veg", 2, "cultivated", 3, "tall veg", 4, "wetland", 5, "short veg", 6, "cultivated", 7, "tall veg", 8, "water", 9, "snow/ice", 10, "cropland", 11, "built up")} -> cropland | I13: {=_xlfn.SWITCH(VLOOKUP($A13, scenarios!$A$2:$N$19, I$1, 0), 0, "bare", 1, "short veg", 2, "cultivated", 3, "tall veg", 4, "wetland", 5, "short veg", 6, "cultivated", 7, "tall veg", 8, "water", 9, "snow/ice", 10, "cropland", 11, "built up")} -> cropland | ... N13: {=_xlfn.SWITCH(VLOOKUP($A13, scenarios!$A$2:$N$19, N$1, 0), 0, "bare", 1, "short veg", 2, "cultivated", 3, "tall veg", 4, "wetland", 5, "short veg", 6, "cultivated", 7, "tall veg", 8, "water", 9, "snow/ice", 10, "cropland", 11, "built up")} -> cropland | O13: {=IFERROR(_xlfn.SWITCH(VLOOKUP($A13, scenarios!$A$2:$Q$19, O$1, 0), 1, "Permanent agriculture", 2, "Hard commodities", 3, "Shifting cultivation", 4, "Logging", 5, "Wildfire", 6, "Settlements & infrastructure", 7, "Other natural disturbances"), "")} | P13: {=IFERROR(_xlfn.SWITCH(VLOOKUP($A13, scenarios!$A$2:$Q$19, P$1, 0), 1, "oil palm", 2, "wood fiber", 3, "other"), "")} | Q13: {=IFERROR(_xlfn.SWITCH(VLOOKUP($A13, scenarios!$A$2:$Q$19, Q$1, 0), 1, "yes"), "")} | T13: Cropland remaining cropland
A14: 12 | B14: {=_xlfn.SWITCH(VLOOKUP($A14, scenarios!$A$2:$N$19, B$1, 0), 0, "bare", 1, "short veg", 2, "cultivated", 3, "tall veg", 4, "wetland", 5, "short veg", 6, "cultivated", 7, "tall veg", 8, "water", 9, "snow/ice", 10, "cropland", 11, "built up")} -> tall veg | C14: {=_xlfn.SWITCH(VLOOKUP($A14, scenarios!$A$2:$N$19, C$1, 0), 0, "bare", 1, "short veg", 2, "cultivated", 3, "tall veg", 4, "wetland", 5, "short veg", 6, "cultivated", 7, "tall veg", 8, "water", 9, "snow/ice", 10, "cropland", 11, "built up")} -> tall veg | D14: {=_xlfn.SWITCH(VLOOKUP($A14, scenarios!$A$2:$N$19, D$1, 0), 0, "bare", 1, "short veg", 2, "cultivated", 3, "tall veg", 4, "wetland", 5, "short veg", 6, "cultivated", 7, "tall veg", 8, "water", 9, "snow/ice", 10, "cropland", 11, "built up")} -> tall veg | E14: {=_xlfn.SWITCH(VLOOKUP($A14, scenarios!$A$2:$N$19, E$1, 0), 0, "bare", 1, "short veg", 2, "cultivated", 3, "tall veg", 4, "wetland", 5, "short veg", 6, "cultivated", 7, "tall veg", 8, "water", 9, "snow/ice", 10, "cropland", 11, "built up")} -> tall veg | F14: {=_xlfn.SWITCH(VLOOKUP($A14, scenarios!$A$2:$N$19, F$1, 0), 0, "bare", 1, "short veg", 2, "cultivated", 3, "tall veg", 4, "wetland", 5, "short veg", 6, "cultivated", 7, "tall veg", 8, "water", 9, "snow/ice", 10, "cropland", 11, "built up")} -> tall veg | G14: {=_xlfn.SWITCH(VLOOKUP($A14, scenarios!$A$2:$N$19, G$1, 0), 0, "bare", 1, "short veg", 2, "cultivated", 3, "tall veg", 4, "wetland", 5, "short veg", 6, "cultivated", 7, "tall veg", 8, "water", 9, "snow/ice", 10, "cropland", 11, "built up")} -> tall veg | H14: {=_xlfn.SWITCH(VLOOKUP($A14, scenarios!$A$2:$N$19, H$1, 0), 0, "bare", 1, "short veg", 2, "cultivated", 3, "tall veg", 4, "wetland", 5, "short veg", 6, "cultivated", 7, "tall veg", 8, "water", 9, "snow/ice", 10, "cropland", 11, "built up")} -> tall veg | I14: {=_xlfn.SWITCH(VLOOKUP($A14, scenarios!$A$2:$N$19, I$1, 0), 0, "bare", 1, "short veg", 2, "cultivated", 3, "tall veg", 4, "wetland", 5, "short veg", 6, "cultivated", 7, "tall veg", 8, "water", 9, "snow/ice", 10, "cropland", 11, "built up")} -> tall veg | ... N14: {=_xlfn.SWITCH(VLOOKUP($A14, scenarios!$A$2:$N$19, N$1, 0), 0, "bare", 1, "short veg", 2, "cultivated", 3, "tall veg", 4, "wetland", 5, "short veg", 6, "cultivated", 7, "tall veg", 8, "water", 9, "snow/ice", 10, "cropland", 11, "built up")} -> cropland | O14: {=IFERROR(_xlfn.SWITCH(VLOOKUP($A14, scenarios!$A$2:$Q$19, O$1, 0), 1, "Permanent agriculture", 2, "Hard commodities", 3, "Shifting cultivation", 4, "Logging", 5, "Wildfire", 6, "Settlements & infrastructure", 7, "Other natural disturbances"), "")} | P14: {=IFERROR(_xlfn.SWITCH(VLOOKUP($A14, scenarios!$A$2:$Q$19, P$1, 0), 1, "oil palm", 2, "wood fiber", 3, "other"), "")} | Q14: {=IFERROR(_xlfn.SWITCH(VLOOKUP($A14, scenarios!$A$2:$Q$19, Q$1, 0), 1, "yes"), "")} | T14: Forest to cropland in 2022
A15: 13 | B15: {=_xlfn.SWITCH(VLOOKUP($A15, scenarios!$A$2:$N$19, B$1, 0), 0, "bare", 1, "short veg", 2, "cultivated", 3, "tall veg", 4, "wetland", 5, "short veg", 6, "cultivated", 7, "tall veg", 8, "water", 9, "snow/ice", 10, "cropland", 11, "built up")} -> tall veg | C15: {=_xlfn.SWITCH(VLOOKUP($A15, scenarios!$A$2:$N$19, C$1, 0), 0, "bare", 1, "short veg", 2, "cultivated", 3, "tall veg", 4, "wetland", 5, "short veg", 6, "cultivated", 7, "tall veg", 8, "water", 9, "snow/ice", 10, "cropland", 11, "built up")} -> tall veg | D15: {=_xlfn.SWITCH(VLOOKUP($A15, scenarios!$A$2:$N$19, D$1, 0), 0, "bare", 1, "short veg", 2, "cultivated", 3, "tall veg", 4, "wetland", 5, "short veg", 6, "cultivated", 7, "tall veg", 8, "water", 9, "snow/ice", 10, "cropland", 11, "built up")} -> tall veg | E15: {=_xlfn.SWITCH(VLOOKUP($A15, scenarios!$A$2:$N$19, E$1, 0), 0, "bare", 1, "short veg", 2, "cultivated", 3, "tall veg", 4, "wetland", 5, "short veg", 6, "cultivated", 7, "tall veg", 8, "water", 9, "snow/ice", 10, "cropland", 11, "built up")} -> tall veg | F15: {=_xlfn.SWITCH(VLOOKUP($A15, scenarios!$A$2:$N$19, F$1, 0), 0, "bare", 1, "short veg", 2, "cultivated", 3, "tall veg", 4, "wetland", 5, "short veg", 6, "cultivated", 7, "tall veg", 8, "water", 9, "snow/ice", 10, "cropland", 11, "built up")} -> tall veg | G15: {=_xlfn.SWITCH(VLOOKUP($A15, scenarios!$A$2:$N$19, G$1, 0), 0, "bare", 1, "short veg", 2, "cultivated", 3, "tall veg", 4, "wetland", 5, "short veg", 6, "cultivated", 7, "tall veg", 8, "water", 9, "snow/ice", 10, "cropland", 11, "built up")} -> tall veg | H15: {=_xlfn.SWITCH(VLOOKUP($A15, scenarios!$A$2:$N$19, H$1, 0), 0, "bare", 1, "short veg", 2, "cultivated", 3, "tall veg", 4, "wetland", 5, "short veg", 6, "cultivated", 7, "tall veg", 8, "water", 9, "snow/ice", 10, "cropland", 11, "built up")} -> tall veg | I15: {=_xlfn.SWITCH(VLOOKUP($A15, scenarios!$A$2:$N$19, I$1, 0), 0, "bare", 1, "short veg", 2, "cultivated", 3, "tall veg", 4, "wetland", 5, "short veg", 6, "cultivated", 7, "tall veg", 8, "water", 9, "snow/ice", 10, "cropland", 11, "built up")} -> tall veg | ... N15: {=_xlfn.SWITCH(VLOOKUP($A15, scenarios!$A$2:$N$19, N$1, 0), 0, "bare", 1, "short veg", 2, "cultivated", 3, "tall veg", 4, "wetland", 5, "short veg", 6, "cultivated", 7, "tall veg", 8, "water", 9, "snow/ice", 10, "cropland", 11, "built up")} -> cropland | O15: {=IFERROR(_xlfn.SWITCH(VLOOKUP($A15, scenarios!$A$2:$Q$19, O$1, 0), 1, "Permanent agriculture", 2, "Hard commodities", 3, "Shifting cultivation", 4, "Logging", 5, "Wildfire", 6, "Settlements & infrastructure", 7, "Other natural disturbances"), "")} -> Shifting cultivation | P15: {=IFERROR(_xlfn.SWITCH(VLOOKUP($A15, scenarios!$A$2:$Q$19, P$1, 0), 1, "oil palm", 2, "wood fiber", 3, "other"), "")} | Q15: {=IFERROR(_xlfn.SWITCH(VLOOKUP($A15, scenarios!$A$2:$Q$19, Q$1, 0), 1, "yes"), "")} | T15: Forest to cropland in 2022 | W15: conversion - could be re-classified as not conversion if goes back to trees, because then it would be shifting ag.
A16: 14 | B16: {=_xlfn.SWITCH(VLOOKUP($A16, scenarios!$A$2:$N$19, B$1, 0), 0, "bare", 1, "short veg", 2, "cultivated", 3, "tall veg", 4, "wetland", 5, "short veg", 6, "cultivated", 7, "tall veg", 8, "water", 9, "snow/ice", 10, "cropland", 11, "built up")} -> tall veg | C16: {=_xlfn.SWITCH(VLOOKUP($A16, scenarios!$A$2:$N$19, C$1, 0), 0, "bare", 1, "short veg", 2, "cultivated", 3, "tall veg", 4, "wetland", 5, "short veg", 6, "cultivated", 7, "tall veg", 8, "water", 9, "snow/ice", 10, "cropland", 11, "built up")} -> tall veg | D16: {=_xlfn.SWITCH(VLOOKUP($A16, scenarios!$A$2:$N$19, D$1, 0), 0, "bare", 1, "short veg", 2, "cultivated", 3, "tall veg", 4, "wetland", 5, "short veg", 6, "cultivated", 7, "tall veg", 8, "water", 9, "snow/ice", 10, "cropland", 11, "built up")} -> tall veg | E16: {=_xlfn.SWITCH(VLOOKUP($A16, scenarios!$A$2:$N$19, E$1, 0), 0, "bare", 1, "short veg", 2, "cultivated", 3, "tall veg", 4, "wetland", 5, "short veg", 6, "cultivated", 7, "tall veg", 8, "water", 9, "snow/ice", 10, "cropland", 11, "built up")} -> tall veg | F16: {=_xlfn.SWITCH(VLOOKUP($A16, scenarios!$A$2:$N$19, F$1, 0), 0, "bare", 1, "short veg", 2, "cultivated", 3, "tall veg", 4, "wetland", 5, "short veg", 6, "cultivated", 7, "tall veg", 8, "water", 9, "snow/ice", 10, "cropland", 11, "built up")} -> tall veg | G16: {=_xlfn.SWITCH(VLOOKUP($A16, scenarios!$A$2:$N$19, G$1, 0), 0, "bare", 1, "short veg", 2, "cultivated", 3, "tall veg", 4, "wetland", 5, "short veg", 6, "cultivated", 7, "tall veg", 8, "water", 9, "snow/ice", 10, "cropland", 11, "built up")} -> cropland | H16: {=_xlfn.SWITCH(VLOOKUP($A16, scenarios!$A$2:$N$19, H$1, 0), 0, "bare", 1, "short veg", 2, "cultivated", 3, "tall veg", 4, "wetland", 5, "short veg", 6, "cultivated", 7, "tall veg", 8, "water", 9, "snow/ice", 10, "cropland", 11, "built up")} -> cropland | I16: {=_xlfn.SWITCH(VLOOKUP($A16, scenarios!$A$2:$N$19, I$1, 0), 0, "bare", 1, "short veg", 2, "cultivated", 3, "tall veg", 4, "wetland", 5, "short veg", 6, "cultivated", 7, "tall veg", 8, "water", 9, "snow/ice", 10, "cropland", 11, "built up")} -> tall veg | ... N16: {=_xlfn.SWITCH(VLOOKUP($A16, scenarios!$A$2:$N$19, N$1, 0), 0, "bare", 1, "short veg", 2, "cultivated", 3, "tall veg", 4, "wetland", 5, "short veg", 6, "cultivated", 7, "tall veg", 8, "water", 9, "snow/ice", 10, "cropland", 11, "built up")} -> cropland | O16: {=IFERROR(_xlfn.SWITCH(VLOOKUP($A16, scenarios!$A$2:$Q$19, O$1, 0), 1, "Permanent agriculture", 2, "Hard commodities", 3, "Shifting cultivation", 4, "Logging", 5, "Wildfire", 6, "Settlements & infrastructure", 7, "Other natural disturbances"), "")} -> Shifting cultivation | P16: {=IFERROR(_xlfn.SWITCH(VLOOKUP($A16, scenarios!$A$2:$Q$19, P$1, 0), 1, "oil palm", 2, "wood fiber", 3, "other"), "")} | Q16: {=IFERROR(_xlfn.SWITCH(VLOOKUP($A16, scenarios!$A$2:$Q$19, Q$1, 0), 1, "yes"), "")} | T16: Forest to cropland in 2017 | W16: not conversion (shifting ag)???
A17: 15 | B17: {=_xlfn.SWITCH(VLOOKUP($A17, scenarios!$A$2:$N$19, B$1, 0), 0, "bare", 1, "short veg", 2, "cultivated", 3, "tall veg", 4, "wetland", 5, "short veg", 6, "cultivated", 7, "tall veg", 8, "water", 9, "snow/ice", 10, "cropland", 11, "built up")} -> cropland | C17: {=_xlfn.SWITCH(VLOOKUP($A17, scenarios!$A$2:$N$19, C$1, 0), 0, "bare", 1, "short veg", 2, "cultivated", 3, "tall veg", 4, "wetland", 5, "short veg", 6, "cultivated", 7, "tall veg", 8, "water", 9, "snow/ice", 10, "cropland", 11, "built up")} -> cropland | D17: {=_xlfn.SWITCH(VLOOKUP($A17, scenarios!$A$2:$N$19, D$1, 0), 0, "bare", 1, "short veg", 2, "cultivated", 3, "tall veg", 4, "wetland", 5, "short veg", 6, "cultivated", 7, "tall veg", 8, "water", 9, "snow/ice", 10, "cropland", 11, "built up")} -> tall veg | E17: {=_xlfn.SWITCH(VLOOKUP($A17, scenarios!$A$2:$N$19, E$1, 0), 0, "bare", 1, "short veg", 2, "cultivated", 3, "tall veg", 4, "wetland", 5, "short veg", 6, "cultivated", 7, "tall veg", 8, "water", 9, "snow/ice", 10, "cropland", 11, "built up")} -> tall veg | F17: {=_xlfn.SWITCH(VLOOKUP($A17, scenarios!$A$2:$N$19, F$1, 0), 0, "bare", 1, "short veg", 2, "cultivated", 3, "tall veg", 4, "wetland", 5, "short veg", 6, "cultivated", 7, "tall veg", 8, "water", 9, "snow/ice", 10, "cropland", 11, "built up")} -> tall veg | G17: {=_xlfn.SWITCH(VLOOKUP($A17, scenarios!$A$2:$N$19, G$1, 0), 0, "bare", 1, "short veg", 2, "cultivated", 3, "tall veg", 4, "wetland", 5, "short veg", 6, "cultivated", 7, "tall veg", 8, "water", 9, "snow/ice", 10, "cropland", 11, "built up")} -> tall veg | H17: {=_xlfn.SWITCH(VLOOKUP($A17, scenarios!$A$2:$N$19, H$1, 0), 0, "bare", 1, "short veg", 2, "cultivated", 3, "tall veg", 4, "wetland", 5, "short veg", 6, "cultivated", 7, "tall veg", 8, "water", 9, "snow/ice", 10, "cropland", 11, "built up")} -> cropland | I17: {=_xlfn.SWITCH(VLOOKUP($A17, scenarios!$A$2:$N$19, I$1, 0), 0, "bare", 1, "short veg", 2, "cultivated", 3, "tall veg", 4, "wetland", 5, "short veg", 6, "cultivated", 7, "tall veg", 8, "water", 9, "snow/ice", 10, "cropland", 11, "built up")} -> tall veg | ... N17: {=_xlfn.SWITCH(VLOOKUP($A17, scenarios!$A$2:$N$19, N$1, 0), 0, "bare", 1, "short veg", 2, "cultivated", 3, "tall veg", 4, "wetland", 5, "short veg", 6, "cultivated", 7, "tall veg", 8, "water", 9, "snow/ice", 10, "cropland", 11, "built up")} -> cropland | O17: {=IFERROR(_xlfn.SWITCH(VLOOKUP($A17, scenarios!$A$2:$Q$19, O$1, 0), 1, "Permanent agriculture", 2, "Hard commodities", 3, "Shifting cultivation", 4, "Logging", 5, "Wildfire", 6, "Settlements & infrastructure", 7, "Other natural disturbances"), "")} -> Shifting cultivation | P17: {=IFERROR(_xlfn.SWITCH(VLOOKUP($A17, scenarios!$A$2:$Q$19, P$1, 0), 1, "oil palm", 2, "wood fiber", 3, "other"), "")} | Q17: {=IFERROR(_xlfn.SWITCH(VLOOKUP($A17, scenarios!$A$2:$Q$19, Q$1, 0), 1, "yes"), "")} | T17: Cropland remaining cropland | W17: not conversion (shifting ag)
A18: 16 | B18: {=_xlfn.SWITCH(VLOOKUP($A18, scenarios!$A$2:$N$19, B$1, 0), 0, "bare", 1, "short veg", 2, "cultivated", 3, "tall veg", 4, "wetland", 5, "short veg", 6, "cultivated", 7, "tall veg", 8, "water", 9, "snow/ice", 10, "cropland", 11, "built up")} -> short veg | C18: {=_xlfn.SWITCH(VLOOKUP($A18, scenarios!$A$2:$N$19, C$1, 0), 0, "bare", 1, "short veg", 2, "cultivated", 3, "tall veg", 4, "wetland", 5, "short veg", 6, "cultivated", 7, "tall veg", 8, "water", 9, "snow/ice", 10, "cropland", 11, "built up")} -> short veg | D18: {=_xlfn.SWITCH(VLOOKUP($A18, scenarios!$A$2:$N$19, D$1, 0), 0, "bare", 1, "short veg", 2, "cultivated", 3, "tall veg", 4, "wetland", 5, "short veg", 6, "cultivated", 7, "tall veg", 8, "water", 9, "snow/ice", 10, "cropland", 11, "built up")} -> tall veg | E18: {=_xlfn.SWITCH(VLOOKUP($A18, scenarios!$A$2:$N$19, E$1, 0), 0, "bare", 1, "short veg", 2, "cultivated", 3, "tall veg", 4, "wetland", 5, "short veg", 6, "cultivated", 7, "tall veg", 8, "water", 9, "snow/ice", 10, "cropland", 11, "built up")} -> tall veg | F18: {=_xlfn.SWITCH(VLOOKUP($A18, scenarios!$A$2:$N$19, F$1, 0), 0, "bare", 1, "short veg", 2, "cultivated", 3, "tall veg", 4, "wetland", 5, "short veg", 6, "cultivated", 7, "tall veg", 8, "water", 9, "snow/ice", 10, "cropland", 11, "built up")} -> tall veg | G18: {=_xlfn.SWITCH(VLOOKUP($A18, scenarios!$A$2:$N$19, G$1, 0), 0, "bare", 1, "short veg", 2, "cultivated", 3, "tall veg", 4, "wetland", 5, "short veg", 6, "cultivated", 7, "tall veg", 8, "water", 9, "snow/ice", 10, "cropland", 11, "built up")} -> tall veg | H18: {=_xlfn.SWITCH(VLOOKUP($A18, scenarios!$A$2:$N$19, H$1, 0), 0, "bare", 1, "short veg", 2, "cultivated", 3, "tall veg", 4, "wetland", 5, "short veg", 6, "cultivated", 7, "tall veg", 8, "water", 9, "snow/ice", 10, "cropland", 11, "built up")} -> short veg | I18: {=_xlfn.SWITCH(VLOOKUP($A18, scenarios!$A$2:$N$19, I$1, 0), 0, "bare", 1, "short veg", 2, "cultivated", 3, "tall veg", 4, "wetland", 5, "short veg", 6, "cultivated", 7, "tall veg", 8, "water", 9, "snow/ice", 10, "cropland", 11, "built up")} -> tall veg | ... N18: {=_xlfn.SWITCH(VLOOKUP($A18, scenarios!$A$2:$N$19, N$1, 0), 0, "bare", 1, "short veg", 2, "cultivated", 3, "tall veg", 4, "wetland", 5, "short veg", 6, "cultivated", 7, "tall veg", 8, "water", 9, "snow/ice", 10, "cropland", 11, "built up")} -> short veg | O18: {=IFERROR(_xlfn.SWITCH(VLOOKUP($A18, scenarios!$A$2:$Q$19, O$1, 0), 1, "Permanent agriculture", 2, "Hard commodities", 3, "Shifting cultivation", 4, "Logging", 5, "Wildfire", 6, "Settlements & infrastructure", 7, "Other natural disturbances"), "")} -> Shifting cultivation | P18: {=IFERROR(_xlfn.SWITCH(VLOOKUP($A18, scenarios!$A$2:$Q$19, P$1, 0), 1, "oil palm", 2, "wood fiber", 3, "other"), "")} | Q18: {=IFERROR(_xlfn.SWITCH(VLOOKUP($A18, scenarios!$A$2:$Q$19, Q$1, 0), 1, "yes"), "")} | T18: Cropland remaining cropland | W18: not conversion (shifting ag)
A19: 17 | B19: {=_xlfn.SWITCH(VLOOKUP($A19, scenarios!$A$2:$N$19, B$1, 0), 0, "bare", 1, "short veg", 2, "cultivated", 3, "tall veg", 4, "wetland", 5, "short veg", 6, "cultivated", 7, "tall veg", 8, "water", 9, "snow/ice", 10, "cropland", 11, "built up")} -> tall veg | C19: {=_xlfn.SWITCH(VLOOKUP($A19, scenarios!$A$2:$N$19, C$1, 0), 0, "bare", 1, "short veg", 2, "cultivated", 3, "tall veg", 4, "wetland", 5, "short veg", 6, "cultivated", 7, "tall veg", 8, "water", 9, "snow/ice", 10, "cropland", 11, "built up")} -> cropland | D19: {=_xlfn.SWITCH(VLOOKUP($A19, scenarios!$A$2:$N$19, D$1, 0), 0, "bare", 1, "short veg", 2, "cultivated", 3, "tall veg", 4, "wetland", 5, "short veg", 6, "cultivated", 7, "tall veg", 8, "water", 9, "snow/ice", 10, "cropland", 11, "built up")} -> tall veg | E19: {=_xlfn.SWITCH(VLOOKUP($A19, scenarios!$A$2:$N$19, E$1, 0), 0, "bare", 1, "short veg", 2, "cultivated", 3, "tall veg", 4, "wetland", 5, "short veg", 6, "cultivated", 7, "tall veg", 8, "water", 9, "snow/ice", 10, "cropland", 11, "built up")} -> cropland | F19: {=_xlfn.SWITCH(VLOOKUP($A19, scenarios!$A$2:$N$19, F$1, 0), 0, "bare", 1, "short veg", 2, "cultivated", 3, "tall veg", 4, "wetland", 5, "short veg", 6, "cultivated", 7, "tall veg", 8, "water", 9, "snow/ice", 10, "cropland", 11, "built up")} -> tall veg | G19: {=_xlfn.SWITCH(VLOOKUP($A19, scenarios!$A$2:$N$19, G$1, 0), 0, "bare", 1, "short veg", 2, "cultivated", 3, "tall veg", 4, "wetland", 5, "short veg", 6, "cultivated", 7, "tall veg", 8, "water", 9, "snow/ice", 10, "cropland", 11, "built up")} -> tall veg | H19: {=_xlfn.SWITCH(VLOOKUP($A19, scenarios!$A$2:$N$19, H$1, 0), 0, "bare", 1, "short veg", 2, "cultivated", 3, "tall veg", 4, "wetland", 5, "short veg", 6, "cultivated", 7, "tall veg", 8, "water", 9, "snow/ice", 10, "cropland", 11, "built up")} -> cropland | I19: {=_xlfn.SWITCH(VLOOKUP($A19, scenarios!$A$2:$N$19, I$1, 0), 0, "bare", 1, "short veg", 2, "cultivated", 3, "tall veg", 4, "wetland", 5, "short veg", 6, "cultivated", 7, "tall veg", 8, "water", 9, "snow/ice", 10, "cropland", 11, "built up")} -> cropland | ... N19: {=_xlfn.SWITCH(VLOOKUP($A19, scenarios!$A$2:$N$19, N$1, 0), 0, "bare", 1, "short veg", 2, "cultivated", 3, "tall veg", 4, "wetland", 5, "short veg", 6, "cultivated", 7, "tall veg", 8, "water", 9, "snow/ice", 10, "cropland", 11, "built up")} -> cropland | O19: {=IFERROR(_xlfn.SWITCH(VLOOKUP($A19, scenarios!$A$2:$Q$19, O$1, 0), 1, "Permanent agriculture", 2, "Hard commodities", 3, "Shifting cultivation", 4, "Logging", 5, "Wildfire", 6, "Settlements & infrastructure", 7, "Other natural disturbances"), "")} | P19: {=IFERROR(_xlfn.SWITCH(VLOOKUP($A19, scenarios!$A$2:$Q$19, P$1, 0), 1, "oil palm", 2, "wood fiber", 3, "other"), "")} | Q19: {=IFERROR(_xlfn.SWITCH(VLOOKUP($A19, scenarios!$A$2:$Q$19, Q$1, 0), 1, "yes"), "")} | T19: Back and foth between Forest and cropland until 2018? | W19: does this become permanent ag & therefore conversion at some point?
A20: 18 | B20: {=_xlfn.SWITCH(VLOOKUP($A20, scenarios!$A$2:$N$19, B$1, 0), 0, "bare", 1, "short veg", 2, "cultivated", 3, "tall veg", 4, "wetland", 5, "short veg", 6, "cultivated", 7, "tall veg", 8, "water", 9, "snow/ice", 10, "cropland", 11, "built up")} -> tall veg | C20: {=_xlfn.SWITCH(VLOOKUP($A20, scenarios!$A$2:$N$19, C$1, 0), 0, "bare", 1, "short veg", 2, "cultivated", 3, "tall veg", 4, "wetland", 5, "short veg", 6, "cultivated", 7, "tall veg", 8, "water", 9, "snow/ice", 10, "cropland", 11, "built up")} -> tall veg | D20: {=_xlfn.SWITCH(VLOOKUP($A20, scenarios!$A$2:$N$19, D$1, 0), 0, "bare", 1, "short veg", 2, "cultivated", 3, "tall veg", 4, "wetland", 5, "short veg", 6, "cultivated", 7, "tall veg", 8, "water", 9, "snow/ice", 10, "cropland", 11, "built up")} -> tall veg | E20: {=_xlfn.SWITCH(VLOOKUP($A20, scenarios!$A$2:$N$19, E$1, 0), 0, "bare", 1, "short veg", 2, "cultivated", 3, "tall veg", 4, "wetland", 5, "short veg", 6, "cultivated", 7, "tall veg", 8, "water", 9, "snow/ice", 10, "cropland", 11, "built up")} -> tall veg | F20: {=_xlfn.SWITCH(VLOOKUP($A20, scenarios!$A$2:$N$19, F$1, 0), 0, "bare", 1, "short veg", 2, "cultivated", 3, "tall veg", 4, "wetland", 5, "short veg", 6, "cultivated", 7, "tall veg", 8, "water", 9, "snow/ice", 10, "cropland", 11, "built up")} -> tall veg | G20: {=_xlfn.SWITCH(VLOOKUP($A20, scenarios!$A$2:$N$19, G$1, 0), 0, "bare", 1, "short veg", 2, "cultivated", 3, "tall veg", 4, "wetland", 5, "short veg", 6, "cultivated", 7, "tall veg", 8, "water", 9, "snow/ice", 10, "cropland", 11, "built up")} -> tall veg | H20: {=_xlfn.SWITCH(VLOOKUP($A20, scenarios!$A$2:$N$19, H$1, 0), 0, "bare", 1, "short veg", 2, "cultivated", 3, "tall veg", 4, "wetland", 5, "short veg", 6, "cultivated", 7, "tall veg", 8, "water", 9, "snow/ice", 10, "cropland", 11, "built up")} -> tall veg | I20: {=_xlfn.SWITCH(VLOOKUP($A20, scenarios!$A$2:$N$19, I$1, 0), 0, "bare", 1, "short veg", 2, "cultivated", 3, "tall veg", 4, "wetland", 5, "short veg", 6, "cultivated", 7, "tall veg", 8, "water", 9, "snow/ice", 10, "cropland", 11, "built up")} -> tall veg | ... N20: {=_xlfn.SWITCH(VLOOKUP($A20, scenarios!$A$2:$N$19, N$1, 0), 0, "bare", 1, "short veg", 2, "cultivated", 3, "tall veg", 4, "wetland", 5, "short veg", 6, "cultivated", 7, "tall veg", 8, "water", 9, "snow/ice", 10, "cropland", 11, "built up")} -> tall veg | O20: {=IFERROR(_xlfn.SWITCH(VLOOKUP($A20, scenarios!$A$2:$Q$19, O$1, 0), 1, "Permanent agriculture", 2, "Hard commodities", 3, "Shifting cultivation", 4, "Logging", 5, "Wildfire", 6, "Settlements & infrastructure", 7, "Other natural disturbances"), "")} -> Shifting cultivation | P20: {=IFERROR(_xlfn.SWITCH(VLOOKUP($A20, scenarios!$A$2:$Q$19, P$1, 0), 1, "oil palm", 2, "wood fiber", 3, "other"), "")} | Q20: {=IFERROR(_xlfn.SWITCH(VLOOKUP($A20, scenarios!$A$2:$Q$19, Q$1, 0), 1, "yes"), "")} | T20: Forest remaining forest | W20: or cropland remaining cropland
A21: 19
A22: 20
A23: 21
A24: 22
A25: 23
A26: 24
A27: 25
A28: 26
A29: 27
A30: 28
A31: 29
A32: 30
... A52: 50

Sheet scenarios (2)
A1: interval_end_year | B1: 2000 | C1: 2005 | D1: 2010 | E1: 2015 | F1: 2016 | G1: 2017 | H1: 2018 | I1: 2019 | J1: 2020 | K1: 2021 | L1: 2022 | M1: 2023 | N1: Driver | P1: Conversion? | Q1: LUC
A2: 1 | B2: 7 | C2: 7 | D2: 7 | E2: 7 | F2: 7 | G2: 10 | H2: 10 | I2: 7 | J2: 7 | K2: 7 | L2: 10 | M2: 10 | N2: shifting ag | P2: not conversion (shifting ag) | Q2: LUC (F>C 2017)
A3: 2 | B3: 7 | C3: 7 | D3: 7 | E3: 7 | F3: 7 | G3: 7 | H3: 7 | I3: 7 | J3: 7 | K3: 7 | L3: 10 | M3: 10 | N3: shifting ag | P3: conversion - could be re-classified as not conversion if goes back to trees, because then it would be shifting ag. | Q3: LUC (F>C 2022)
A4: 3 | B4: 10 | C4: 10 | D4: 7 | E4: 7 | F4: 7 | G4: 7 | H4: 10 | I4: 7 | J4: 7 | K4: 7 | L4: 10 | M4: 10 | N4: shifting ag | P4: not conversion (shifting ag) | Q4: LUC (C>C 2000)
A5: 4 | B5: 5 | C5: 5 | D5: 7 | E5: 7 | F5: 7 | G5: 7 | H5: 5 | I5: 7 | J5: 7 | K5: 7 | L5: 5 | M5: 5 | N5: shifting ag | P5: not conversion (shifting ag) | Q5: LUC (C>C 2000)
A6: 5 | B6: 7 | C6: 10 | D6: 7 | E6: 10 | F6: 7 | G6: 7 | H6: 10 | I6: 10 | J6: 10 | K6: 10 | L6: 10 | M6: 10 | P6: does this become permanent ag & therefore conversion at some point?

Sheet key
A1: bare | B1: 0
A2: short veg dry | B2: 1
A3: cultivated dry | B3: 2
A4: forest dry | B4: 3
A5: wetland | B5: 4
A6: short veg wet | B6: 5
A7: cultivated wet | B7: 6
A8: forest wet | B8: 7
A9: water | B9: 8
A10: snow/ice | B10: 9
A11: cropland | B11: 10
A12: built up | B12: 11
